trace	step	action	arg1	arg2	arg3	arg4	arg5	arg6	revision	selected	focused	panX	panY	zoom	captured	objectAAvailable	objectBAvailable	outcome
0	1	CapturePointer	1	2	0	0	0	0	0	0	0	0	0	1	-1	true	true	1
0	2	CapturePointer	0	1	0	0	0	0	0	0	0	0	0	1	1	true	true	0
0	3	FocusPrevious	2	0	0	0	0	0	0	0	0	0	0	1	1	true	true	1
0	4	FocusNext	0	0	0	0	0	0	0	0	1	0	0	1	1	true	true	0
0	5	ClearSelection	2	0	0	0	0	0	0	0	1	0	0	1	1	true	true	1
0	6	ReplaceScene	3	0	1	1	-1	0	0	0	1	0	0	1	1	true	true	6
0	7	ClearSelection	1	0	0	0	0	0	0	0	1	0	0	1	1	true	true	1
0	8	SetCamera	1	1	-1	0	0	0	0	0	1	0	0	1	1	true	true	1
0	9	FocusNext	0	0	0	0	0	0	0	0	2	0	0	1	1	true	true	0
0	10	SetCamera	0	1	-1	2	0	0	0	0	2	1	-1	2	1	true	true	0
0	11	FocusNext	2	0	0	0	0	0	0	0	2	1	-1	2	1	true	true	1
0	12	ReplaceScene	1	0	1	1	-1	2	1	0	2	1	-1	2	1	false	true	0
1	1	FocusNext	0	0	0	0	0	0	0	0	1	0	0	1	-1	true	true	0
1	2	FocusPrevious	2	0	0	0	0	0	0	0	1	0	0	1	-1	true	true	1
1	3	FocusNext	1	0	0	0	0	0	0	0	1	0	0	1	-1	true	true	1
1	4	ReleasePointer	0	1	0	0	0	0	0	0	1	0	0	1	-1	true	true	5
1	5	FocusPrevious	1	0	0	0	0	0	0	0	1	0	0	1	-1	true	true	1
1	6	SetCamera	0	1	-1	2	0	0	0	0	1	1	-1	2	-1	true	true	0
1	7	FocusNext	2	0	0	0	0	0	0	0	1	1	-1	2	-1	true	true	1
1	8	ClearSelection	0	0	0	0	0	0	0	0	1	1	-1	2	-1	true	true	0
1	9	FocusPrevious	2	0	0	0	0	0	0	0	1	1	-1	2	-1	true	true	1
1	10	ReleasePointer	2	1	0	0	0	0	0	0	1	1	-1	2	-1	true	true	1
1	11	ReleasePointer	0	1	0	0	0	0	0	0	1	1	-1	2	-1	true	true	5
1	12	ReleasePointer	2	2	0	0	0	0	0	0	1	1	-1	2	-1	true	true	1
2	1	FocusPrevious	2	0	0	0	0	0	0	0	0	0	0	1	-1	true	true	1
2	2	ReplaceScene	3	1	1	1	-1	0	0	0	0	0	0	1	-1	true	true	6
2	3	ReleasePointer	1	1	0	0	0	0	0	0	0	0	0	1	-1	true	true	1
2	4	FocusPrevious	0	0	0	0	0	0	0	0	2	0	0	1	-1	true	true	0
2	5	FocusNext	0	0	0	0	0	0	0	0	1	0	0	1	-1	true	true	0
2	6	FocusPrevious	0	0	0	0	0	0	0	0	2	0	0	1	-1	true	true	0
2	7	ReplaceScene	3	0	0	1	-1	0	0	0	2	0	0	1	-1	true	true	6
2	8	FocusPrevious	2	0	0	0	0	0	0	0	2	0	0	1	-1	true	true	1
2	9	FocusPrevious	1	0	0	0	0	0	0	0	2	0	0	1	-1	true	true	1
2	10	Select	2	2	0	0	0	0	0	0	2	0	0	1	-1	true	true	1
2	11	ReleasePointer	2	2	0	0	0	0	0	0	2	0	0	1	-1	true	true	1
2	12	ClearSelection	1	0	0	0	0	0	0	0	2	0	0	1	-1	true	true	1
3	1	ClearSelection	2	0	0	0	0	0	0	0	0	0	0	1	-1	true	true	1
3	2	CapturePointer	0	2	0	0	0	0	0	0	0	0	0	1	2	true	true	0
3	3	FocusNext	1	0	0	0	0	0	0	0	0	0	0	1	2	true	true	1
3	4	FocusPrevious	0	0	0	0	0	0	0	0	2	0	0	1	2	true	true	0
3	5	ClearSelection	0	0	0	0	0	0	0	0	2	0	0	1	2	true	true	0
3	6	FocusNext	0	0	0	0	0	0	0	0	1	0	0	1	2	true	true	0
3	7	Select	1	2	0	0	0	0	0	0	1	0	0	1	2	true	true	1
3	8	FocusPrevious	2	0	0	0	0	0	0	0	1	0	0	1	2	true	true	1
3	9	ReleasePointer	0	1	0	0	0	0	0	0	1	0	0	1	2	true	true	5
3	10	Select	0	2	0	0	0	0	0	2	2	0	0	1	2	true	true	0
3	11	SetCamera	0	1	-1	0	0	0	0	2	2	0	0	1	2	true	true	4
3	12	SetCamera	2	1	-1	1	0	0	0	2	2	0	0	1	2	true	true	1
4	1	SetCamera	2	1	-1	2	0	0	0	0	0	0	0	1	-1	true	true	1
4	2	SetCamera	2	1	-1	0	0	0	0	0	0	0	0	1	-1	true	true	1
4	3	FocusPrevious	1	0	0	0	0	0	0	0	0	0	0	1	-1	true	true	1
4	4	SetCamera	2	1	-1	1	0	0	0	0	0	0	0	1	-1	true	true	1
4	5	FocusNext	1	0	0	0	0	0	0	0	0	0	0	1	-1	true	true	1
4	6	ReleasePointer	1	1	0	0	0	0	0	0	0	0	0	1	-1	true	true	1
4	7	FocusPrevious	0	0	0	0	0	0	0	0	2	0	0	1	-1	true	true	0
4	8	Select	1	1	0	0	0	0	0	0	2	0	0	1	-1	true	true	1
4	9	FocusPrevious	1	0	0	0	0	0	0	0	2	0	0	1	-1	true	true	1
4	10	Select	1	2	0	0	0	0	0	0	2	0	0	1	-1	true	true	1
4	11	FocusPrevious	1	0	0	0	0	0	0	0	2	0	0	1	-1	true	true	1
4	12	FocusNext	1	0	0	0	0	0	0	0	2	0	0	1	-1	true	true	1
5	1	FocusPrevious	0	0	0	0	0	0	0	0	2	0	0	1	-1	true	true	0
5	2	CapturePointer	1	2	0	0	0	0	0	0	2	0	0	1	-1	true	true	1
5	3	ReleasePointer	1	2	0	0	0	0	0	0	2	0	0	1	-1	true	true	1
5	4	ReplaceScene	1	0	1	1	-1	1	1	0	2	1	-1	1	-1	false	true	0
5	5	ReplaceScene	2	0	1	1	-1	2	2	0	2	1	-1	2	-1	false	true	0
5	6	ReplaceScene	3	1	0	1	-1	2	3	0	0	1	-1	2	-1	true	false	0
5	7	ReplaceScene	1	1	0	1	-1	0	3	0	0	1	-1	2	-1	true	false	3
5	8	FocusPrevious	0	0	0	0	0	0	3	0	0	1	-1	2	-1	true	false	1
5	9	FocusNext	2	0	0	0	0	0	3	0	0	1	-1	2	-1	true	false	1
5	10	ReplaceScene	3	1	0	1	-1	1	3	0	0	1	-1	2	-1	true	false	3
5	11	CapturePointer	0	2	0	0	0	0	3	0	0	1	-1	2	-1	true	false	1
5	12	ReplaceScene	3	0	0	1	-1	0	3	0	0	1	-1	2	-1	true	false	3
6	1	ReplaceScene	3	1	1	1	-1	2	3	0	0	1	-1	2	-1	true	true	0
6	2	ReleasePointer	1	2	0	0	0	0	3	0	0	1	-1	2	-1	true	true	1
6	3	ClearSelection	2	0	0	0	0	0	3	0	0	1	-1	2	-1	true	true	1
6	4	Select	1	2	0	0	0	0	3	0	0	1	-1	2	-1	true	true	1
6	5	FocusPrevious	2	0	0	0	0	0	3	0	0	1	-1	2	-1	true	true	1
6	6	ReleasePointer	1	1	0	0	0	0	3	0	0	1	-1	2	-1	true	true	1
6	7	ClearSelection	1	0	0	0	0	0	3	0	0	1	-1	2	-1	true	true	1
6	8	Select	1	0	0	0	0	0	3	0	0	1	-1	2	-1	true	true	1
6	9	SetCamera	1	1	-1	0	0	0	3	0	0	1	-1	2	-1	true	true	1
6	10	Select	0	0	0	0	0	0	3	0	0	1	-1	2	-1	true	true	1
6	11	FocusPrevious	1	0	0	0	0	0	3	0	0	1	-1	2	-1	true	true	1
6	12	FocusPrevious	0	0	0	0	0	0	3	0	0	1	-1	2	-1	true	true	1
7	1	CapturePointer	0	1	0	0	0	0	0	0	0	0	0	1	1	true	true	0
7	2	SetCamera	2	1	-1	2	0	0	0	0	0	0	0	1	1	true	true	1
7	3	ReplaceScene	2	1	0	1	-1	2	2	0	0	1	-1	2	1	true	false	0
7	4	ReleasePointer	0	2	0	0	0	0	2	0	0	1	-1	2	1	true	false	1
7	5	ReleasePointer	1	2	0	0	0	0	2	0	0	1	-1	2	1	true	false	1
7	6	ClearSelection	2	0	0	0	0	0	2	0	0	1	-1	2	1	true	false	0
7	7	ReplaceScene	3	0	0	1	-1	1	3	0	0	1	-1	1	1	false	false	0
7	8	CapturePointer	0	1	0	0	0	0	3	0	0	1	-1	1	1	false	false	1
7	9	CapturePointer	1	1	0	0	0	0	3	0	0	1	-1	1	1	false	false	1
7	10	ReleasePointer	0	2	0	0	0	0	3	0	0	1	-1	1	1	false	false	1
7	11	FocusNext	1	0	0	0	0	0	3	0	0	1	-1	1	1	false	false	1
7	12	ReleasePointer	0	2	0	0	0	0	3	0	0	1	-1	1	1	false	false	1
8	1	Select	1	0	0	0	0	0	0	0	0	0	0	1	-1	true	true	1
8	2	Select	0	0	0	0	0	0	0	0	0	0	0	1	-1	true	true	2
8	3	FocusNext	2	0	0	0	0	0	0	0	0	0	0	1	-1	true	true	1
8	4	ReplaceScene	2	1	1	1	-1	2	2	0	0	1	-1	2	-1	true	true	0
8	5	Select	1	1	0	0	0	0	2	0	0	1	-1	2	-1	true	true	1
8	6	SetCamera	1	1	-1	1	0	0	2	0	0	1	-1	2	-1	true	true	1
8	7	CapturePointer	2	1	0	0	0	0	2	0	0	1	-1	2	1	true	true	0
8	8	FocusNext	1	0	0	0	0	0	2	0	0	1	-1	2	1	true	true	1
8	9	ReplaceScene	1	1	0	1	-1	2	2	0	0	1	-1	2	1	true	true	3
8	10	FocusNext	2	0	0	0	0	0	2	0	1	1	-1	2	1	true	true	0
8	11	SetCamera	2	1	-1	0	0	0	2	0	1	1	-1	2	1	true	true	4
8	12	SetCamera	0	1	-1	0	0	0	2	0	1	1	-1	2	1	true	true	1
9	1	FocusPrevious	0	0	0	0	0	0	0	0	2	0	0	1	-1	true	true	0
9	2	FocusPrevious	0	0	0	0	0	0	0	0	1	0	0	1	-1	true	true	0
9	3	SetCamera	2	1	-1	0	0	0	0	0	1	0	0	1	-1	true	true	1
9	4	CapturePointer	1	1	0	0	0	0	0	0	1	0	0	1	-1	true	true	1
9	5	FocusNext	0	0	0	0	0	0	0	0	2	0	0	1	-1	true	true	0
9	6	ReplaceScene	2	1	0	1	-1	1	2	0	0	1	-1	1	-1	true	false	0
9	7	ClearSelection	2	0	0	0	0	0	2	0	0	1	-1	1	-1	true	false	0
9	8	ReplaceScene	3	1	1	1	-1	0	2	0	0	1	-1	1	-1	true	false	6
9	9	CapturePointer	1	1	0	0	0	0	2	0	0	1	-1	1	-1	true	false	1
9	10	ReleasePointer	0	1	0	0	0	0	2	0	0	1	-1	1	-1	true	false	1
9	11	ReleasePointer	1	2	0	0	0	0	2	0	0	1	-1	1	-1	true	false	1
9	12	Select	0	1	0	0	0	0	2	0	0	1	-1	1	-1	true	false	1
10	1	ReleasePointer	0	1	0	0	0	0	0	0	0	0	0	1	-1	true	true	5
10	2	FocusNext	1	0	0	0	0	0	0	0	0	0	0	1	-1	true	true	1
10	3	ReleasePointer	2	2	0	0	0	0	0	0	0	0	0	1	-1	true	true	1
10	4	Select	0	1	0	0	0	0	0	1	1	0	0	1	-1	true	true	0
10	5	FocusPrevious	1	0	0	0	0	0	0	1	1	0	0	1	-1	true	true	1
10	6	Select	2	0	0	0	0	0	0	1	1	0	0	1	-1	true	true	1
10	7	Select	1	0	0	0	0	0	0	1	1	0	0	1	-1	true	true	1
10	8	CapturePointer	1	1	0	0	0	0	0	1	1	0	0	1	-1	true	true	1
10	9	FocusPrevious	1	0	0	0	0	0	0	1	1	0	0	1	-1	true	true	1
10	10	FocusNext	2	0	0	0	0	0	0	1	1	0	0	1	-1	true	true	1
10	11	FocusPrevious	0	0	0	0	0	0	0	1	2	0	0	1	-1	true	true	0
10	12	ReleasePointer	1	2	0	0	0	0	0	1	2	0	0	1	-1	true	true	1
11	1	FocusNext	0	0	0	0	0	0	0	0	1	0	0	1	-1	true	true	0
11	2	FocusNext	2	0	0	0	0	0	0	0	1	0	0	1	-1	true	true	1
11	3	CapturePointer	1	1	0	0	0	0	0	0	1	0	0	1	-1	true	true	1
11	4	FocusNext	0	0	0	0	0	0	0	0	2	0	0	1	-1	true	true	0
11	5	FocusNext	2	0	0	0	0	0	0	0	2	0	0	1	-1	true	true	1
11	6	ReleasePointer	2	1	0	0	0	0	0	0	2	0	0	1	-1	true	true	1
11	7	FocusPrevious	2	0	0	0	0	0	0	0	2	0	0	1	-1	true	true	1
11	8	Select	2	0	0	0	0	0	0	0	2	0	0	1	-1	true	true	1
11	9	SetCamera	0	1	-1	2	0	0	0	0	2	1	-1	2	-1	true	true	0
11	10	Select	2	2	0	0	0	0	0	0	2	1	-1	2	-1	true	true	1
11	11	CapturePointer	1	2	0	0	0	0	0	0	2	1	-1	2	-1	true	true	1
11	12	CapturePointer	2	1	0	0	0	0	0	0	2	1	-1	2	-1	true	true	1
12	1	FocusPrevious	2	0	0	0	0	0	0	0	0	0	0	1	-1	true	true	1
12	2	FocusPrevious	2	0	0	0	0	0	0	0	0	0	0	1	-1	true	true	1
12	3	CapturePointer	2	2	0	0	0	0	0	0	0	0	0	1	-1	true	true	1
12	4	FocusNext	1	0	0	0	0	0	0	0	0	0	0	1	-1	true	true	1
12	5	ClearSelection	2	0	0	0	0	0	0	0	0	0	0	1	-1	true	true	1
12	6	FocusNext	0	0	0	0	0	0	0	0	1	0	0	1	-1	true	true	0
12	7	Select	0	1	0	0	0	0	0	1	1	0	0	1	-1	true	true	0
12	8	ReplaceScene	1	0	1	1	-1	2	1	0	0	1	-1	2	-1	false	true	0
12	9	Select	0	0	0	0	0	0	1	0	0	1	-1	2	-1	false	true	1
12	10	ClearSelection	2	0	0	0	0	0	1	0	0	1	-1	2	-1	false	true	1
12	11	FocusPrevious	1	0	0	0	0	0	1	0	2	1	-1	2	-1	false	true	0
12	12	CapturePointer	2	2	0	0	0	0	1	0	2	1	-1	2	-1	false	true	1
13	1	ReplaceScene	2	0	0	1	-1	2	2	0	0	1	-1	2	-1	false	false	0
13	2	CapturePointer	0	1	0	0	0	0	2	0	0	1	-1	2	-1	false	false	1
13	3	ReleasePointer	0	2	0	0	0	0	2	0	0	1	-1	2	-1	false	false	1
13	4	Select	2	2	0	0	0	0	2	0	0	1	-1	2	-1	false	false	2
13	5	ReplaceScene	2	0	0	1	-1	2	2	0	0	1	-1	2	-1	false	false	3
13	6	FocusPrevious	0	0	0	0	0	0	2	0	0	1	-1	2	-1	false	false	1
13	7	FocusPrevious	2	0	0	0	0	0	2	0	0	1	-1	2	-1	false	false	0
13	8	SetCamera	0	1	-1	1	0	0	2	0	0	1	-1	2	-1	false	false	1
13	9	FocusNext	2	0	0	0	0	0	2	0	0	1	-1	2	-1	false	false	0
13	10	ReplaceScene	1	1	1	1	-1	1	2	0	0	1	-1	2	-1	false	false	3
13	11	ReleasePointer	2	2	0	0	0	0	2	0	0	1	-1	2	-1	false	false	5
13	12	FocusPrevious	0	0	0	0	0	0	2	0	0	1	-1	2	-1	false	false	1
14	1	ReleasePointer	0	1	0	0	0	0	0	0	0	0	0	1	-1	true	true	5
14	2	SetCamera	1	1	-1	0	0	0	0	0	0	0	0	1	-1	true	true	1
14	3	FocusNext	2	0	0	0	0	0	0	0	0	0	0	1	-1	true	true	1
14	4	ReplaceScene	1	1	1	1	-1	2	1	0	0	1	-1	2	-1	true	true	0
14	5	ReplaceScene	3	0	1	1	-1	1	3	0	0	1	-1	1	-1	false	true	0
14	6	SetCamera	0	1	-1	1	0	0	3	0	0	1	-1	1	-1	false	true	1
14	7	CapturePointer	0	1	0	0	0	0	3	0	0	1	-1	1	-1	false	true	1
14	8	FocusNext	0	0	0	0	0	0	3	0	0	1	-1	1	-1	false	true	1
14	9	ReplaceScene	3	0	0	1	-1	1	3	0	0	1	-1	1	-1	false	true	3
14	10	SetCamera	0	1	-1	1	0	0	3	0	0	1	-1	1	-1	false	true	1
14	11	ReleasePointer	1	1	0	0	0	0	3	0	0	1	-1	1	-1	false	true	1
14	12	CapturePointer	2	1	0	0	0	0	3	0	0	1	-1	1	-1	false	true	1
15	1	ClearSelection	2	0	0	0	0	0	0	0	0	0	0	1	-1	true	true	1
15	2	FocusNext	1	0	0	0	0	0	0	0	0	0	0	1	-1	true	true	1
15	3	ReleasePointer	2	1	0	0	0	0	0	0	0	0	0	1	-1	true	true	1
15	4	SetCamera	1	1	-1	2	0	0	0	0	0	0	0	1	-1	true	true	1
15	5	ReplaceScene	1	0	1	1	-1	1	1	0	0	1	-1	1	-1	false	true	0
15	6	FocusPrevious	2	0	0	0	0	0	1	0	0	1	-1	1	-1	false	true	1
15	7	FocusNext	2	0	0	0	0	0	1	0	0	1	-1	1	-1	false	true	1
15	8	Select	0	0	0	0	0	0	1	0	0	1	-1	1	-1	false	true	1
15	9	Select	2	0	0	0	0	0	1	0	0	1	-1	1	-1	false	true	1
15	10	SetCamera	0	1	-1	2	0	0	1	0	0	1	-1	1	-1	false	true	1
15	11	Select	1	0	0	0	0	0	1	0	0	1	-1	1	-1	false	true	2
15	12	SetCamera	0	1	-1	2	0	0	1	0	0	1	-1	1	-1	false	true	1
